BCVAP_2012.ObamaD_12G_President,BCVAP_2012.RomneyR_12G_President,BCVAP_2012.X12G_President_abstain,HCVAP_2012.ObamaD_12G_President,HCVAP_2012.RomneyR_12G_President,HCVAP_2012.X12G_President_abstain,OCVAP_2012.ObamaD_12G_President,OCVAP_2012.RomneyR_12G_President,OCVAP_2012.X12G_President_abstain,WCVAP_2012.ObamaD_12G_President,WCVAP_2012.RomneyR_12G_President,WCVAP_2012.X12G_President_abstain,CD,sldu172
0.006320257593408705,0.0009652303528073619,0.005355027240597889,0.0029222503466722924,0.0020828809423378424,0.0008393694043385082,0.012698674760750848,0.006394788877424255,0.019093463638173835,0.002201333708151293,0.0001361216986040055,0.0023374554067559236,0.0,0.0
0.009732918787259976,0.002549584253156711,0.007183334534101703,0.0013389261997146032,0.0019936688261288295,0.0006547426264144413,0.01171735592113284,0.009460099038581742,0.021177454959716586,0.0017717752969621079,0.00017104673328172354,0.001600728563679509,0.0,0.0
0.003150029222425622,0.0030735397740635976,0.0062235689964916475,0.003277942400476868,0.006114702108293624,0.0028367597078238485,0.007495183022489825,0.0002602252510147079,0.007234957771476869,0.0017721574469753865,0.00058840602074883,0.002360563467723629,0.0,0.0
0.006280408981168369,0.0006996027699103123,0.005580806211260642,0.007074720087257185,0.00047140687201335975,0.006603313215241261,0.008850401189494653,0.013083218507791766,0.021933619697284516,0.0015572735064078819,0.0002526139831537982,0.0018098874895583431,0.0,0.0
0.0017074466179012756,0.0012034589754392963,0.0005039876424618406,0.0008308607398749035,0.005003777071380223,0.0058346378112572985,0.013076533413059315,0.00863865811545682,0.021715191528516992,0.0003353352658745811,0.00011565329148256576,0.00021968197439001645,0.0,0.0
0.0017976277704353472,0.004407744590834243,0.006205372361275169,0.0006929776084492197,0.00010653409615755113,0.0007995117046020909,0.01183524471521467,0.006484942553752174,0.018320187268964876,0.0005982422089783239,0.0013326433841035872,0.0019308855930812315,0.0,0.0
0.0075356407856141195,0.004486723477236082,0.0030489173083754345,0.006383058973822373,0.006758598933813908,0.0003755399599910501,0.009706279010553468,0.011652120231245292,0.021358399241797683,0.0011544390782005282,1.0495152146693724e-05,0.001164934230347367,0.0,0.0
0.0024584737807273748,0.0024669585276178747,8.484746893473461e-06,0.0011822454089162253,0.003821329443272471,0.0026390840343560006,0.012024158310933083,0.009624932446957682,0.02164909075788842,0.0008105462523589597,1.137500964616569e-05,0.000799171242713816,0.0,0.0
0.0026229174867813424,0.0007058082074489458,0.003328725694232078,0.0005427967076911195,0.0031594326706602667,0.002616635962968368,0.017557763994583194,0.007866783719324331,0.02542454771390499,0.0011619615244315563,0.0005322557760674285,0.0016942173004998796,0.0,0.0
0.005234543292372015,0.002684509483173984,0.0025500338091990044,0.0038718700238979304,1.8809825807240423e-05,0.0038906798497062092,0.01067634325806627,0.007303417163444491,0.017979760421512093,0.0001897398314375556,1.8021010285234415e-05,0.00020776084171962735,0.0,0.0
0.007075660042558168,0.0047815504637194976,0.0022941095788391198,0.0001905569318758972,0.00038937203372929645,0.0001988151018557867,0.01311506204472756,0.0065978347289895635,0.019712896773714687,0.0020314960599013086,0.0010698879587522413,0.0009616081011518008,0.0,0.0
0.004544980898185931,0.006268755447398098,0.010813736345585773,0.0013253099107784082,0.0033065891789852975,0.001981279268208057,0.015222173279288426,0.0052349610582105395,0.020457134337497337,0.0012457398794047166,0.0022474667222075035,0.003493206601612979,0.0,0.0
0.0020853233856888585,0.00295010856202528,0.005035431947713935,0.0023269953535290776,0.0023943679399960147,6.737258646464768e-05,0.012356578287451127,0.008264959318763825,0.02062153760621504,0.00020003777374767948,0.000825107621741626,0.0010251453954874896,0.0,0.0
0.0012031435225034587,4.7060316341818965e-05,0.0012502038388457744,0.0033133966200137492,0.002404072657336728,0.0009093239626791958,0.011514275025102407,0.0069987622977442454,0.018513037322846627,4.468669255020723e-05,0.0009381748934653365,0.000982861586015337,0.0,0.0
0.0033164902308977177,0.00045037035379645075,0.002866119877102833,0.003043731974293022,0.0005475744284251662,0.0024961575458684847,0.009940625835225479,0.006882051916052224,0.01682267775127412,0.00012978918030865603,0.00046098569218433743,0.0005907748724934767,0.0,0.0
0.0006662581263134934,0.002686610284624593,0.0020203521583114464,0.0006495252869432708,0.0015713415773161731,0.0022208668642593045,0.007341950727346199,0.008823131284907698,0.01616508201224593,5.258040226666829e-05,3.708094065727244e-05,1.549946160952972e-05,0.0,0.0
0.013262696039516525,0.009182810423788115,0.004079885615726725,0.0019662013758083023,0.0015659780365484617,0.00040022333926071225,0.008894841254109736,0.007431760723183951,0.016326601977293367,0.0014409952112071748,0.0005464224817734566,0.0008945727294336455,0.0,0.0
0.0016278460910736335,0.0004394432553379175,0.0011884028357373282,0.0014591587135765376,0.0035093861628182578,0.002050227449241513,0.01213766258235031,0.0074628762916818785,0.01960053887403105,0.00038052717869644634,0.0004557271515761988,0.0008362543302727342,0.0,0.0
0.007093674625856426,0.0024003232807880957,0.00469335134506728,0.0025074418183189257,0.003439218111741207,0.0009317762934187712,0.010545295400480919,0.011170970696160808,0.02171626609664596,0.0027130614529880964,0.0015079689791064885,0.001205092473882509,0.0,0.0
0.005705929419560638,0.0012614502711517268,0.004444479148409832,0.000971524866016954,0.00556981751887968,0.004598292652861979,0.013247986072202232,0.007030187535279224,0.02027817360748068,0.0014295631183977428,0.0015512046593577139,0.00012164154095784117,0.0,0.0
0.0020072951585013545,0.004254994223784745,0.002247699065285978,0.0022923874126973805,0.000924438097939464,0.0013679493147598168,0.007446797607622543,0.007738749405920188,0.015185547013543792,0.0005231507076392175,0.0002554701754216904,0.00026768053222222843,0.0,0.0
0.0004605391269885339,0.0004930149190777445,0.0009535540460657746,0.00142477986272826,0.000530915349398459,0.001955695212127984,0.010783880326631122,0.005441190903443259,0.016225071230076684,0.0006776470427649899,0.000586183320042527,0.001263830362806994,0.0,0.0
0.006292149189636084,0.0008667467550640259,0.007158895944698925,0.006029408383315692,0.0021934829533684945,0.008222891336687375,0.009512462683371739,0.003174101647109681,0.012686564330482457,0.0007334049744790307,0.00020639679545625557,0.0005270081790237615,0.0,0.0
0.0010173962320471851,0.002476357432810434,0.0014589612007615423,0.0041008938427486335,0.00023871217765007233,0.004339606020402815,0.013000614679831051,0.009408203854016223,0.02240881853385179,4.809789773745173e-05,7.62261644942678e-05,0.00012432406223490336,0.0,0.0
0.004551555059275037,0.0030316401576967003,0.001519914901579382,0.00048043648644785606,0.005010571028696525,0.005491007515143968,0.012812465778165938,0.008933650884646675,0.021746116662811364,0.001311690218117489,0.001566554921358693,0.0028782451394753676,0.0,0.0
0.009418678544045404,0.011249313512261187,0.0018306349682129727,1.9942650620442348e-05,0.0001520342326072547,0.0001719768832337902,0.007019694422192268,0.011592731989878475,0.018612426412071465,0.002686188930840337,0.008059507859562354,0.010745696790404168,0.0,0.0
0.0032526555369161935,0.0015919694242888746,0.00166068611262891,0.0007883898940371843,0.0009717244176123065,0.0017601143116509719,0.013475177099595531,0.004931199496986108,0.008543977602620122,0.0016331838125755098,0.0005836022491197901,0.0010495815634566682,0.0,0.0
0.01405849030451045,0.012295644007134565,0.0017628462973753025,0.0024634796238763436,0.000804168259844888,0.001659311364026491,0.01241964906497652,0.0023247974886828034,0.014744446553660629,0.0021248953888643707,0.005619892485375767,0.003494997096512443,0.0,0.0
0.005795684411933479,0.008626447081457933,0.0028307626695208282,0.0035338185641501725,0.0056069001647481706,0.0020730816006004934,0.018011966951641943,0.0018261222789932472,0.019838089230633457,0.0013691599169077268,0.0003959599298341046,0.0017651198467382413,0.0,0.0
0.009331306309681485,0.004139516453831163,0.005191789855849491,0.00014596835725672982,0.00026618961205529166,0.0001202212548019999,0.0129258961083298,0.007210411111276888,0.02013630721960584,0.0013807718894292944,2.6059207323573367e-05,0.0014068310967501388,0.0,0.0
0.005234657055982263,0.009032079952641808,0.0037974228966549074,0.0001850172795493451,0.00010907441429181204,7.594286525749963e-05,0.011653468806044126,0.010649667030970894,0.022303135837016347,0.0018547039305129044,0.000361825982435466,0.0014928779480761134,0.0,0.0
0.006042837972709212,0.004342592555520391,0.01038543052823316,0.0015188513761841959,0.0018417818624231553,0.0033606332386050975,0.011028226352814835,0.007075500038006166,0.018103726390814093,0.0019853893329058645,0.0019485967306490577,0.0039339860635574765,0.0,0.0
0.0035108393490912615,0.0011454525016772652,0.002365386847406651,0.006471642832970516,0.000990826347076088,0.0054808164858983315,0.017829539312361795,0.009176367980419715,0.027005907292780493,0.0007034329017767969,0.0005272950972139874,0.0012307279989867354,0.0,0.0
0.000707238964295376,0.00083419430394216,0.0015414332682354764,0.000559825233893764,0.00096406843448703,0.00040424320059361874,0.013574491082453566,0.005316200593675932,0.018890691676126923,0.0007342548153434748,0.0026729138372367494,0.001938659021894492,0.0,0.0
0.005628563432474455,0.008760497496779335,0.0031319340643146034,0.0008405959680484309,0.001162829535853569,0.00032223356780310136,0.004195592937529548,0.010079850897849118,0.01427544383538605,0.0006320282681132655,0.0026226986324866227,0.0019906703643759963,0.0,0.0
0.004734626365924477,0.0011112550264179843,0.003623371339507575,0.00010987386430442477,3.7631097705580625e-05,7.224276659983567e-05,0.006055905479498368,0.012305381926852597,0.01836128740635514,0.0013912585200258753,0.00043108684257337615,0.001822345362593933,0.0,0.0
2.2447970113107095e-05,0.0009605630415060908,0.0009830110116247214,0.0004969936742842027,0.00022493975140781944,0.0007219334256891184,0.010352912956675217,0.012419124923151196,0.022772037879819636,0.002779556213853989,0.0012001980671691925,0.003979754281019997,0.0,0.0
0.006621916866379735,0.004024571906024786,0.0025973449603467077,9.464480575099221e-05,0.0007337214236779232,0.0008283662294272508,0.018070446590467762,0.00678075601853326,0.024851202609001616,0.0013573545285502483,0.0033953457021750257,0.002037991173624602,0.0,0.0
0.008430139177463906,0.03068553777973839,0.022255398602286373,0.001231904179850906,0.00024140093607137513,0.0009905032437807707,0.016330515116479656,0.011602173907933869,0.027932689024420407,0.006014738964923932,0.0004478556645607025,0.0055668833003625325,0.0,0.0
0.00037211812731292117,0.00017203856826649756,0.0005441566955883245,5.3251006723987214e-05,3.753224661082442e-05,9.078325333412705e-05,0.009243983968965317,0.006588351996656458,0.015832335965619632,0.0022950693746476647,0.00011720762603979505,0.0024122770006887203,0.0,0.0
0.005058595167535149,0.00034256599379431396,0.005401161161329316,0.0003551648718732265,0.0006702166130633418,0.000315051741191639,0.011954073703435805,0.008132167140182214,0.020086240843616165,0.00019072391851194438,0.004228272805265069,0.004037548886752661,0.0,0.0
0.009460335032198803,0.01691773585122134,0.007457400819022392,4.613529684373258e-05,7.200079241075141e-05,0.00011813608925747174,0.011432998344274485,0.013109351840031473,0.02454235018429982,0.00038317010159033153,0.004065124037854054,0.0036819539362608266,0.0,0.0
0.006450812367498822,0.0010652314819763688,0.005385580885516872,0.0004902428220564301,0.000735976442336927,0.0002457336202777292,0.015515802229448554,0.005986568763614292,0.021502370993066296,0.000627253851003591,0.0009742412801760736,0.0016014951311794868,0.0,0.0
0.003380862465107919,0.002082628723314289,0.0054634911884199,0.001173875053356271,0.0007761082754545516,0.00039776677790207964,0.007238149451275555,0.008618757593475464,0.015856907044757628,7.234989951031077e-05,0.00118362202251906,0.0011112721230116544,0.0,0.0
0.005547187323404161,0.001975023990754313,0.003572163332655304,0.0013340528834808584,0.0011967665035225797,0.0025308193870003824,0.019106028750281327,0.001975603314040416,0.021081632064326856,0.0004134568607858898,0.0007468702690920679,0.000333413408312493,0.0,0.0
0.0030841992617999577,0.005444437263692675,0.0023602380018885303,3.830497202170322e-05,0.0020088440072614138,0.002047148979284782,0.018295083111762308,0.011387947382786692,0.006907135728977651,0.000698114263938658,0.004450934973311017,0.0037528207093795187,0.0,0.0
0.006662497392490109,0.005019419325916052,0.0016430780665787062,0.013860822653546613,0.0021457112084028985,0.011715111445143032,0.02476711029591494,0.000263206878789137,0.024503903417121553,0.0029030075049219744,0.0002223954492130359,0.0026806120557033865,0.0,0.0
0.0006053800062385415,0.004674213813499755,0.004068833807258028,0.003604196231666624,0.003113615050474796,0.0004905811811922176,0.012413123679693203,0.004633767891783902,0.017046891571480996,0.00020750060857876776,0.0012064046264691393,0.0014139052350435426,0.0,0.0
0.006998777862545898,0.002114721828807919,0.009113499691358388,0.0012175073636711189,0.00014982189765160917,0.001067685466016787,0.007818849518045125,0.005020125923471795,0.012838975441515651,0.00012578606705927837,0.0003590865244195272,0.00023330045736064223,0.0,0.0
0.0008788795131954917,0.0015689862108394061,0.0006901066976410118,0.0014418357977014381,2.3654660081386716e-05,0.0014181811376223659,0.008105356689804529,0.005214732251700979,0.01332008894150083,0.0016033716091488671,0.0014057654450314813,0.0030091370541819847,0.0,0.0
5.939227365925422e-05,0.0018130504509244068,0.00187244272458646,0.005552533754920255,0.0009327285067590061,0.004619805248162159,0.015789047055096404,0.00687964801431397,0.022668695069409963,0.005374587817655787,0.0006100702594566207,0.004764517558202221,0.0,0.0
0.0010078270220244625,0.0032771105432453456,0.004284937565267052,0.0019264461055056488,0.0005623089909900383,0.0013641371145168455,0.005699714073738672,0.01039912927749135,0.01609884335122879,6.767208814391644e-05,0.0015371536661935796,0.001469481578046252,0.0,0.0
0.01116435602842113,0.0036783454063347176,0.007486010622084616,0.002094606888417997,0.0035887820920038806,0.0014941752035921465,0.01072546713442138,0.007846317335181058,0.018571784469602826,6.866310412773481e-05,0.001012832542299798,0.000944169438169537,0.0,0.0
0.011899256979516368,0.0009926229183725476,0.012891879897886217,0.006088776560859811,0.0018671143913659084,0.007955890952226591,0.001312184041300939,0.01522072712554664,0.013908543084240943,0.0024222823601273646,0.002002013933912454,0.004424296294034179,0.0,0.0
0.0009461292047837263,0.0017002958932406825,0.002646425098029008,0.0024165059475567746,0.0031785152672559776,0.0007620093196985031,0.007333456890274017,0.005591054765866003,0.012924511656140869,0.00036951624504808904,0.0007701264464862455,0.00040061020144127504,0.0,0.0
0.000670647181051076,0.0009817495659092134,0.0003111023848599172,0.0004026680484395263,0.001073100586138435,0.0006704325376958874,0.016248170273171565,0.009116923952064239,0.02536509422522939,0.0007590971935919391,6.198803481263558e-05,0.0006971091587815633,0.0,0.0
0.007119036718037624,0.0018547059678567734,0.005264330750182864,0.0035780841787133562,0.0013527942080750741,0.0022252899706375466,0.014116999180293369,0.008894315757359111,0.023011314937653793,0.001251453901284545,5.1922389351157206e-05,0.001199531511935397,0.0,0.0
0.0008399893823773908,0.0009235356648885396,8.354628250974481e-05,0.00034088052014441615,0.0006269137971291187,0.0002860332769845078,0.011710293947732634,0.01083303846462927,0.022543332412366626,0.00021553986634365908,0.00026263244617173617,0.00047817231250860554,0.0,0.0
0.0005965069078194549,0.0002459946556466297,0.0008425015634653799,0.0019390200962272042,0.0016499572897544553,0.00028906280646947554,0.006228855451106069,0.00423956035922902,0.010468415810330488,2.5371489515344196e-05,0.0005051491168187095,0.0004797776273039121,0.0,0.0
0.00533366015505283,0.0017360230815193572,0.00359763707353859,0.0009676359987789635,0.0009922259306117775,2.4589931831130064e-05,0.013304134616101203,0.009623751039317016,0.02292788565541492,6.227935337905167e-05,0.0004949368411876667,0.0005572161945656539,0.0,0.0
3.469726168427752e-05,0.0048212544026303315,0.004786557140941335,0.00224622882500652,0.00039246555985215817,0.0018537632651552543,0.014414701591929585,0.0085867147736929,0.02300141636562383,0.0001008387983747373,0.00021870537139230707,0.00031954416977024057,0.0,0.0
0.003935010568472157,0.0016052064837573119,0.005540217052229599,0.0030646557935994976,4.20044156276743e-05,0.0031066602092270847,0.011125590432650899,0.00737023619462985,0.01849582662728147,0.0005373557456098694,0.00044073838885265264,0.0009780941344609841,0.0,0.0
0.015929557627522663,0.0005503825880945901,0.01537917503942887,0.004287155332489433,0.0005827139376516284,0.0037044413948433648,0.006041302389550959,0.008422929395593507,0.014464231785136042,0.00045161543024421243,0.00037292370574393404,0.0008245391359894778,0.0,0.0
0.009416657146975935,0.00018803683461564763,0.009604693981599095,0.001646356443566316,0.00020405341802872713,0.0018504098615989457,0.010570892035571855,0.007603807858585081,0.01817469989415897,0.0016185456464042549,0.0004563303712019848,0.002074876017608022,0.0,0.0
0.008448585882439286,0.001540065656244846,0.006908520226194691,0.0013339929658595338,0.0005308302328412942,0.0008031627330107801,0.007501841700778142,0.010272687775919548,0.017774529476698463,0.001910938240300344,0.001109672777077222,0.0030206110173761737,0.0,0.0
0.005411613896266716,0.0005463448479930815,0.005957958744263348,0.0043719869199987885,0.0029297842418095966,0.0014422026781926607,0.0016131068042821541,0.017609785073312352,0.01599667826903713,7.92334004123091e-05,0.0039877619385425295,0.004066995338957108,0.0,0.0
0.0006965829035228668,0.0020360673853806245,0.0013394844818544224,0.0018482255114251394,0.0019012443929365633,0.0037494699043620775,0.007248987829857675,0.011372151411178161,0.01862113924103344,0.0015964278226689105,0.0021217612715422897,0.0037181890942119458,0.0,0.0
0.00877757629693774,0.004830549187195133,0.003947027109734526,0.002265411824528572,0.0019832780345074297,0.000282133790022394,0.014526751278176899,0.007558157906490833,0.022084909184664107,0.0003176792170748943,0.0003507146203245642,0.0006683938373961048,0.0,0.0
0.0029663991039916454,0.00014842499409375808,0.003114824098086758,0.003728398918154055,0.00020029741538387746,0.0035281015027685066,0.010130682066005705,0.011731789992816745,0.02186247205882199,0.00020124932515595153,0.0004474526172969153,0.0006487019424541261,0.0,0.0
0.009098608053288552,0.008035390550400898,0.0010632175028831958,0.002172375072933393,0.00012370146291914308,0.0022960765358538485,0.00020380081489580523,0.013780993940141793,0.013984794755036443,0.0012449158142220894,0.0003364322436556982,0.0015813480578792758,0.0,0.0
0.0033347716428634745,0.00032382278574605343,0.003658594428606646,8.44937614730853e-05,0.005732851778141079,0.005648358016669938,0.005463241431263902,0.012207672411559779,0.01767091384282058,0.0005935132945381696,0.0010039343660873613,0.00041042107154934247,0.0,0.0
0.000772952733282082,0.0006633413589896713,0.0014362940922704628,4.153469271117188e-05,0.0002249279700527696,0.00026646266276412215,0.008874908168289569,0.005857727455903763,0.014732635624189862,0.00030839459094038444,0.00039547398545676217,0.0007038685763957362,0.0,0.0
0.0005722544953913382,0.0015949476638845797,0.0010226931684946127,0.00018058231603934664,0.002782882200170802,0.0029634645162114875,0.01377429697365298,0.007375612286370319,0.02114990926002455,0.00027531048809842406,0.0009621570063417825,0.0012374674944395075,0.0,0.0
0.006126193189248229,0.009176988733228555,0.00305079554397726,0.0003173112569875195,0.001212080491069457,0.0008947692340809833,0.010895964025094795,0.004971373661254922,0.015867337686347956,0.00032398625878042646,0.0031473312589432472,0.0028233450001635967,0.0,0.0
0.0016515870246337826,0.0025482594923034838,0.004199846516931453,0.00011714806055977673,0.0006524528536657776,0.0007696009142269495,0.016618404833842138,0.01111262814131695,0.0277310329751516,0.003362283804001121,0.01024967938020148,0.013611963184198226,0.0,0.0
0.00958325287840168,0.010097880891833687,0.0005146280134359626,0.00044999435275554537,0.00035949702327577255,9.049732948138533e-05,0.012476492346522169,0.012133129847782288,0.02460962219430044,0.0033182201568897687,0.00565746317418794,0.0023392430172924734,0.0,0.0
0.003226100201103061,0.003474117742022247,0.00024801754092033365,0.00030633877901722515,0.0009795506351149101,0.0012858894141301123,0.015536671975571585,0.005138463024174293,0.020675134999740535,0.003325118944189301,0.0038451330750168267,0.007170252019203368,0.0,0.0
0.0036440185668840898,0.004017060800121398,0.0003730422332376774,0.0006235760760049988,0.0013800026141554313,0.0007564265381491071,0.010518477284711414,0.009572329134304888,0.020090806419013583,0.00042113875385634583,0.0029949453988749658,0.0034160841527357657,0.0,0.0
0.0043046482145890925,0.0008159800903519794,0.003488668124233322,0.0006054533350760326,0.0012277373633646348,0.0006222840282888357,0.009793940926762924,0.008154151989830005,0.017948092916591732,0.004195629431684809,0.0044362671263510145,0.0002406376946648354,0.0,0.0
0.0025863563631440367,0.007553922890515715,0.0049675665273691775,0.0001839401064560424,0.00036724373394905784,0.0005511838404065964,0.016543096778800385,0.004360028855211896,0.02090312563401135,0.0006499819833053224,0.0020538751524631542,0.0014038931691588278,0.0,0.0
0.006129879457721405,0.002942671735230737,0.00318720772248309,0.0009834475883419905,0.0014166159973703811,0.002400063585710823,0.006793010515413927,0.017099305771921095,0.023892316287333067,0.00025465053752988143,0.0008204158824817124,0.0010750664200062418,0.0,0.0
0.008759606005398777,0.00044224457944334265,0.009201850584837173,0.0013489919766002572,0.0033618422071337076,0.0020128502305347034,0.008032169760719835,0.014398672458133388,0.022430842218858556,0.00042307909082442804,0.0021121726697484557,0.0025352517605686546,0.0,0.0
0.00468919481661759,0.002953981192524102,0.0017352136240975679,0.0018579523780022675,0.0006317376627471818,0.0012262147152537972,0.01215387820906888,0.009649901700212725,0.021803779909279897,0.0002050556548796884,0.0004418565753564857,0.00023680092047783906,0.0,0.0
0.005824402667759021,0.003695556302649134,0.002128846365111257,0.002390393985615533,0.0011008041673053698,0.001289589818309751,0.011380385582423849,0.009652339204326128,0.021032724786749207,3.4199961950652295e-05,0.0006069480760943334,0.00064114803804752,0.0,0.0
0.0030519490195589968,0.0007382095907145406,0.003790158610272573,0.003461120292851263,0.002372991327714209,0.001088128965138882,0.00170050891058693,0.008512107357726008,0.010212616268311457,0.003982685732386144,0.006404208889425022,0.002421523157038851,0.0,0.0
0.005251221686946886,0.001125853358363883,0.004125368328580022,0.00029570449596418903,0.002779529175957863,0.0024838246799925006,0.01645697517510578,0.005340104520650281,0.021797079695753382,0.0004747174824085816,0.0007923681549991246,0.0012670856374074366,0.0,0.0
0.002532682000327277,0.0020618682135953442,0.00047081378673600115,0.0014373608620214984,0.0012663451459123416,0.00270370600792819,0.011707440053103944,0.007172622837248847,0.018880062890349904,0.0003710164859766481,0.0002871906022656148,8.382588370858029e-05,0.0,0.0
0.004713271862623484,0.0006988183109493313,0.004014453551671491,0.0015722182068168436,0.003233113337984459,0.001660895131168496,0.010968727219295829,0.011201864800425392,0.022170592019721033,8.362238809962934e-05,0.0017983244429109568,0.0017147020548124708,0.0,0.0
0.00048614881632515265,0.001487067779322134,0.0019732165956461733,0.0015764330217610757,0.0032982858042942126,0.0017218527825321535,0.006143775973128161,0.014598734570558764,0.02074251054368745,0.0004912426492566278,0.0021012459579259537,0.0025924886071823083,0.0,0.0
0.008859652769943402,0.002507501756208839,0.011367154526151873,1.2150870933844894e-05,0.0006614591062763498,0.0006736099772080773,0.0029822702746381915,0.015178399692804125,0.01816066996743968,0.0031539927645773016,0.0004008810030740992,0.00275311176150412,0.0,0.0
0.013281101241188628,0.0010303886912028401,0.012250712549981814,0.0031710541879399943,0.003419675108629148,0.0002486209206886965,0.01797460434617792,0.0027918287227086834,0.020766433068891994,0.0011968380311657785,0.0009216155128421931,0.002118453544006118,0.0,0.0
0.004414328099853851,0.0030450025835563016,0.0013693255162926412,0.0009013977853324697,0.0014632159367902217,0.002364613722119428,0.015057985661860748,0.00502446257712267,0.020082448238990296,0.0014368046434738919,0.00012524323213079945,0.0013115614113453284,0.0,0.0
0.004593097710959979,0.001349434949444699,0.003243662761521279,0.003688505789263895,0.0011299033944912854,0.0025586023947737958,0.012563505847486597,0.007138259920266779,0.019701765767753825,0.0010625704116639643,0.0008790731892408677,0.001941643600904267,0.0,0.0
0.007123372633391646,0.0053754672093773645,0.001747905424015662,0.0006405022485290661,0.0005280150831237623,0.00011248716540327869,0.009006443685220198,0.005165122725108571,0.014171566410329359,0.0019061128596475686,0.0004533540026354336,0.00145275885701094,0.0,0.0
0.0012941276196713344,0.0004933694857184908,0.0017874971053883854,0.002849969045460288,0.0009345013000679281,0.0019154677453940912,0.010559341565932828,0.008093941878199328,0.018653283444137133,0.0011054704628425728,0.001700013876766306,0.002805484339613941,0.0,0.0
0.0021872088014810893,0.0007102298336863135,0.0028974386351684096,0.0004359415537200304,0.0012524723852433849,0.0016884139389638877,0.01881528056133214,0.0044491666218459125,0.02326444718317681,0.0006592166921178859,0.00034938682670914963,0.001008603518826769,0.0,0.0
0.003676119906038176,0.0007184605961687727,0.002957659309870986,0.00020211169165383847,0.0001371856098037617,0.00033929730146046994,0.005780862407257571,0.01200168098820006,0.017782543395459153,0.000994756908961275,0.0004368594077778125,0.0014316163167404795,0.0,0.0
0.007037661301948329,0.0042203198763214374,0.002817341425630998,0.004340920881779803,0.002436043221709367,0.006776964103490713,0.015961150720585137,0.0027147974737093392,0.01867594819429192,0.001770406488653909,0.00027526991152079756,0.002045676400174298,0.0,0.0
0.0006534232122135067,0.0034240333224483054,0.004077456534666221,0.0034442716699604964,0.0001979425239164117,0.0032463291460420656,0.0113249312063131,0.007642353212027636,0.018967284418341574,0.00018127029227179455,0.0007913306240700582,0.0006100603317973767,0.0,0.0
0.00308562078664089,0.0015985011111003412,0.0014871196755411385,0.0012983784620544715,0.0006944345362267288,0.0019928129982897023,0.017773270768905808,0.008662921808095941,0.026436192577004098,0.007466509546886563,0.0019827528736743832,0.005483756673209353,0.0,0.0
0.00021729398094707855,0.0008907871954528774,0.0006734932145070659,0.003928918315598779,1.5105064331809177e-05,0.003913813251264386,0.007721190366605356,0.006828711857998167,0.014549902224601672,0.0003007198853127159,0.0010655085861552129,0.001366228471471027,0.0,0.0
0.010553055596524311,0.003150797757174406,0.007402257839347572,0.001257299838094566,0.00034996011205760025,0.0009073397260360154,0.0005280969945672811,0.012623079780577109,0.012094982786009515,0.001220677735893764,0.0007023507983000798,0.0019230285341949526,0.0,0.0
0.009742736602211154,0.00032749586963711473,0.009415240732579782,0.007678472316999115,0.00044505574778810593,0.008123528064782958,0.013934051430423327,0.004135701517325666,0.018069752947759574,0.0067903923256005284,0.0004129892517425839,0.007203381577345381,0.0,0.0
0.0021551044191100675,0.00020115804551826185,0.0019539463735827075,0.0014259058700780171,0.0004637029389826413,0.000962202931089404,0.016998450134874978,0.00437292800176938,0.021371378136647554,8.83466011414628e-06,0.0012477928877151186,0.0012566275478284273,0.0,0.0
0.0022755821029432637,0.0023589250824554093,8.334297951215936e-05,0.0019997372815323735,0.0009428840085802333,0.001056853272949561,0.008332829862601759,0.006032490467848583,0.014365320330450704,6.609747852929849e-05,0.0007257265082917713,0.0007918239868191107,0.0,0.0
0.010692016877179284,0.0042821425644758515,0.006409874312706774,0.0027517152329504884,0.00014347380791743857,0.0026082414250299946,0.0034745933821022203,0.009613273148137395,0.013087866530244003,0.0020511824566962593,5.941147739783217e-05,0.001991770979295834,0.0,0.0
0.0027883301231460987,0.0006886009561064628,0.002099729167039155,0.0035276237579189695,0.0034542717953506582,7.335196256796661e-05,0.013542682239400734,0.006867119547849903,0.02040980178725618,0.003670428894993957,0.0010154259904714654,0.002655002904527524,0.0,0.0
0.0019266438835878262,0.00045126537075104977,0.0014753785128388945,0.00018358210999577188,0.000470007543727035,0.00028642543373337347,0.025574517297892528,0.0007074259208717981,0.026281943218766365,0.002788610256613134,0.00011197691209525025,0.0026766333445189883,0.0,0.0
0.0002070916668077788,0.0011336841729448705,0.0009265925061388689,0.0006256748122358093,0.001536984436287365,0.0021626592485283827,0.012680754182623146,0.006514428533595197,0.019195182716215127,0.00037701416673917813,0.0021851290049166674,0.0025621431716567385,0.0,0.0
0.003382524084744412,4.763256262209604e-05,0.003334891522123582,0.008219853131778596,0.0018465745183193103,0.006373278613460105,0.007893101501558872,0.00898089850062401,0.016874000002186126,0.0003137199538169378,0.003816962536346298,0.004130682490158461,0.0,0.0
0.003342832830629618,0.0010439780120927507,0.0022988548185371785,0.0037370617954687584,0.0018757925977205385,0.0018612691977491103,0.009032954808198866,0.007604314247396298,0.016637269055592138,0.005995207853947414,0.0005431477352894967,0.005452060118659415,0.0,0.0
0.0007580421764168155,0.0026361256773864573,0.0018780835009687615,0.00045402570220151096,0.001098130008297269,0.000644104306094134,0.01671583347362578,0.0006607229177804886,0.017376556391410277,0.0038301738143610847,6.761470588235826e-06,0.003823412343772565,0.0,0.0
0.004393685913636336,0.003463188822380697,0.0009304970912575686,0.0015833410105997236,0.0004748791141589648,0.002058220124759152,0.00965617602092841,0.00969077973303937,0.01934695575396952,0.0021771912754002375,6.49965216969993e-05,0.002112194753700777,0.0,0.0
0.006089291415695468,0.002448213990517666,0.0036410774251769756,0.00042348667272280367,0.00024501943378751965,0.0006685061065120408,0.009793840964208933,0.00942391790042772,0.019217758864633987,0.0020307508294631284,1.9944947249566316e-05,0.002010805882214259,0.0,0.0
0.0017866917600651996,0.0018199631461825662,3.3271386113868275e-05,0.003096851161835538,0.0008653859933148862,0.003962237155150591,0.011972838326260943,0.0028263886960952266,0.014799227022358929,0.0031666813446970246,0.0003358674271595743,0.003502548771860044,0.0,0.0
0.009749045158166048,0.0036496774509611734,0.013398722609131754,0.0027863838242481167,0.00032004338333628936,0.0031064272075864577,0.01337823855974249,0.01013031490419071,0.023508553463932873,0.0009643202119889657,0.0013833421550622528,0.0004190219430769823,0.0,0.0
0.00028293090265255945,0.0006753988202251927,0.0009583297228793238,0.0007009908152874258,0.0004772414308993125,0.0011782322461834666,0.007462329841784476,0.011962477803094557,0.01942480764487383,0.0009227865442182702,0.0014209966083066554,0.0004982100640869528,0.0,0.0
0.010799738682504738,0.009232491841783833,0.0015672468407198973,7.156934655084011e-05,6.488759489721862e-05,0.00013645694144569288,0.016281240514250138,0.007220408986543038,0.02350164950079527,0.0013133457394466667,6.283406659686251e-05,0.0012505116728500575,0.0,0.0
0.010433578089262693,0.001548973672363853,0.008884604416897906,0.0009078485624997058,0.0002373492058071571,0.0006704993566906907,0.014714464705174863,0.004705898609388403,0.019420363314562438,0.0009260482904273336,0.00041739613051564294,0.001343444420935841,0.0,0.0
0.005560737359638962,0.0015160705789581536,0.007076807938597896,0.003243596407131143,0.0003578868084351702,0.0036014832155646928,0.012401741308498965,0.005232359999290734,0.017634101307791382,0.002484590233275122,0.0016615173075093881,0.004146107540784971,0.0,0.0
0.005664777307545717,0.0017032943612018342,0.007368071668745988,0.0067954000822252805,0.004608602778160091,0.0021867973040650035,0.007885323861094286,0.01213876220081235,0.02002408606190666,0.0024535061664032643,0.0035154907411456392,0.0010619845747450887,0.0,0.0
0.0027663149928622505,0.0019646190377267496,0.004730934030590084,0.007817334638578357,0.006832327248043055,0.0009850073905376415,0.007034498932310356,0.01046001696608096,0.01749451589838886,0.0028283365946310123,0.0010274112351194744,0.001800925359512018,0.0,0.0
0.003426068300961133,0.0018610163073956047,0.001565051993569255,0.000145589347336084,9.210352353530862e-05,5.3485823800619796e-05,0.014650264646152513,0.00593757653342517,0.02058784117957293,0.0012136338392349396,0.00023903131366476485,0.0014526651528993192,0.0,0.0
0.004633555876607314,0.005354488717447315,0.0007209328408435838,0.0015401407868210295,0.0007515098723582094,0.0007886309144636696,0.01095557972441751,0.007379851713697992,0.018335431438111956,0.0010964364279450662,0.0008866789717857674,0.00020975745615557442,0.0,0.0
0.005971873322761265,0.004562816297813697,0.0014090570249471342,0.0005244829520921381,0.0005237471009203725,0.0010482300530141118,0.011528465764586469,0.010663310255108216,0.022191776019694374,0.0008003190053164627,0.0007970981589044577,3.2208464137762496e-06,0.0,0.0
0.008216375665546042,0.007492935475300281,0.0007234401902511291,0.006344950354305439,0.004805206864701504,0.0015397434896040653,0.006387005335009725,0.010494583879804648,0.016881589214819716,0.0007078871001875582,0.001616717688386347,0.0023246047885699577,0.0,0.0
0.0001292338767743667,0.0022570202015457642,0.0021277863247703005,0.005438727302463969,0.0021609198088454237,0.007599647111306897,0.012973195931228088,0.009416726932404255,0.022389922863633775,0.0013172505725039011,0.0009437313953736562,0.002260981967876767,0.0,0.0
7.303835291106517e-05,0.0025053692073745237,0.0025784075602900657,0.00014529167053053035,0.002004280863807143,0.002149572534341258,0.006906728937199142,0.015810412098088835,0.02271714103528858,0.00013531216679676423,0.0003857620304631664,0.0002504498636645728,0.0,0.0
0.007700139011119285,0.007522978963944369,0.00017716004718105273,0.0009012094435724221,0.002327427386895751,0.0014262179433248096,0.005979066579025689,0.006573326975428146,0.012552393554453756,0.0015879553115131033,0.0004175812305119073,0.001170374081005423,0.0,0.0
0.0016326714363695304,0.003098222656937777,0.004730894093303712,0.0018878430965863279,0.0016776291496292646,0.0035654722462137504,0.015019104085903017,0.006203911340185271,0.021223015426087583,0.0007617369518421812,0.00040311886927799214,0.0011648558211202736,0.0,0.0
0.0025950647777941396,0.0018352385134150701,0.0007598262643792125,0.004420893273685933,0.0017358675337850904,0.0061567608074665,0.01181847395098544,0.0047301681876795645,0.016548642138671906,0.0037680693044439147,0.0022539679772331507,0.0015141013272078085,0.0,0.0
0.0022008077090871505,0.0029003907249142416,0.005101198434002137,0.00033304694248333984,0.0024080208481334258,0.0027410677906157233,0.019396988915771917,0.0012578902316361007,0.018139098684136344,0.0012999526396769863,0.0001055811138128579,0.0014055337534954811,0.0,0.0
0.011909319615568376,0.0036662157079857265,0.00824310390758503,0.003946934102781455,0.0034964010422957694,0.00045053306048831404,0.0004768368020414097,0.014697293550704872,0.015174130352744073,0.0006447348249951097,0.0023255401371749885,0.0016808053121803682,0.0,0.0
0.007478540527429378,0.00023443438916760355,0.007712974916597669,0.007874689130687633,0.003063754476642271,0.004810934654050143,0.005769979441169067,0.0087991719187039,0.01456915135987256,4.290371502585429e-06,0.0011672742448841826,0.0011629838733769016,0.0,0.0
0.0023831817913096283,0.0025796169401590516,0.0001964351488495006,0.0038443080259155694,0.0041555649582242305,0.000311256932305236,0.006388078229229097,0.008765885968995463,0.015153964198223796,0.0037920204831768537,0.0009925638382533425,0.0027994566449250293,0.0,0.0
0.008915697193538009,0.007247618777059982,0.0016680784164796417,0.002796141113497353,0.0006736120224176991,0.002122529091081044,0.009538109838608885,0.01098437742487914,0.020522487263489025,0.0019073056390636054,0.00039151941537687076,0.002298825054439407,0.0,0.0
0.0017889315778321859,0.00014078896926232498,0.001648142608568514,0.0004592545831740246,0.0029122660810511364,0.002453011497874682,0.01912142988260208,0.010290583302364471,0.029412013184965898,0.004493555030843048,0.00039572037566047415,0.0040978346551821115,0.0,0.0
0.014629936555347733,0.005583311831724824,0.009046624723620183,0.008782757858333368,0.0007896476107087323,0.0079931102476172,0.012392242473734673,0.002131707492714363,0.010260534981017498,0.0019245470292059863,0.0014171827724001192,0.0005073642568042718,0.0,0.0
0.0017803375122823302,0.001452602087894361,0.00032773542438772565,0.005851976996450833,0.0034364475235859992,0.00928842452004029,0.02179480408986549,0.001657238293287297,0.023452042383161273,0.004275885234153994,0.003955526308030227,0.00032035892612757976,0.0,0.0
0.0019458760680956698,0.0011421715385070146,0.0008037045295919136,0.0024994164439644034,0.0010893249376166645,0.0035887413815767744,0.016500516051048804,0.0073912965952253875,0.023891812646279015,0.0025599760218460426,0.004469088629469389,0.0019091126076221097,0.0,0.0
0.00026718865846861423,7.318844705981216e-05,0.00034037710552650507,0.0008577321849014588,0.0009560523409203437,0.0018137845258216227,0.013137482347141063,0.007666850093962307,0.020804332441105994,0.002386305057820805,0.00032832819550167444,0.0027146332533243248,0.0,0.0
0.002599497408399412,0.0006025630460076183,0.003202060454405772,0.008117702379017405,0.0013439214205112964,0.006773780958505686,0.007147320246536016,0.01589124106880361,0.02303856131534378,0.002054743537297468,0.003153943551810533,0.0010992000145132281,0.0,0.0
0.004414932239460288,0.0031688585970997872,0.0012460736423609666,0.0016030603484698963,0.0029100582597057305,0.0013069979112322115,0.013623652637271956,0.00942213421610065,0.023045786853372333,0.0047333475234096955,0.0013632272050371616,0.0060965747284458345,0.0,0.0
0.010164721592652767,0.0029959582278487433,0.007168763364810702,0.0011109370498968516,0.0005348494114363454,0.0005760876384574669,0.008698441869784976,0.01175298340984697,0.020451425279632056,0.0007986967951149541,0.0006239860323081356,0.0014226828274243022,0.0,0.0
0.002812123998345803,0.0021726857752576573,0.0006394382230879214,0.0011588410519969142,0.0003114517565331224,0.0008473892954642749,0.018082097779659342,0.004675769493506901,0.022757867273167965,0.0012812088397494944,0.0003395321525088637,0.0016207409922534746,0.0,0.0
0.0021364534121888442,0.000560500027911427,0.0015759533842751973,0.002351908542427334,0.002600785568640661,0.0002488770262149024,0.016461019377852652,0.00903785434416647,0.025498873722020074,0.002182332395384502,0.001399714174450634,0.003582046569836407,0.0,0.0
0.00024978740201362666,0.000349742305787124,9.99549037724696e-05,0.0008790960122444708,0.001680561337876705,0.0008014653256347358,0.014021003308775443,0.007160981568412918,0.021181984877188923,0.0024607837891987994,0.0002072067723217213,0.0026679905615216238,0.0,0.0
0.0015440665690778428,0.00034776376804568766,0.0011963028010321204,0.0013383741326814201,0.0002799673813144069,0.001058406751365627,0.01005759659460383,0.010250536982539773,0.02030813357713807,4.6290147085279075e-05,0.001256658339244482,0.0013029484863263177,0.0,0.0
0.0012085333576600538,0.0014983945275176156,0.0027069278851765913,0.00328074364816685,0.0007117378559209397,0.003992481504089807,0.010148401086029966,0.0028423544384925587,0.012990755524525293,0.0019395894994438004,9.714236851938901e-05,0.0018424471309254483,0.0,0.0
0.005192614927724482,0.0025456631914648744,0.002646951736258,0.009663086485290304,0.0071899637933681825,0.002473122691920026,0.013397118333784612,0.0017614189043698026,0.015158537238153254,7.179782393464691e-05,0.0016957238259400112,0.0016239260020072626,0.0,0.0
